sku_id,sku_name,category,subcategory,perishable_flag,shelf_life_days
SKU001,Amul Milk 1L,Dairy/Eggs,milk,1,7
SKU002,Greek Yogurt 200g,Dairy/Eggs,curd,1,10
SKU003,Brown Eggs (6),Dairy/Eggs,eggs,1,14
SKU004,Butter 100g,Dairy/Eggs,butter,1,30
SKU005,Paneer 200g,Dairy/Eggs,paneer,1,8
SKU006,Cheese Slices,Dairy/Eggs,cheese,1,20
SKU007,Tomato 1kg,Fruits/Veggies,tomato,1,5
SKU008,Banana (6),Fruits/Veggies,banana,1,4
SKU009,Onion 1kg,Fruits/Veggies,onion,1,20
SKU010,Potato 2kg,Fruits/Veggies,potato,1,25
SKU011,Spinach 250g,Fruits/Veggies,leafy,1,3
SKU012,Apple 1kg,Fruits/Veggies,apple,1,12
