date,location_id,text,source,true_event_type
2025-01-01,LOC1,No major events; demand likely follows weekly pattern.,news,none
2025-01-02,LOC1,Normal day operations; routine demand expected.,news,none
2025-01-03,LOC1,Regular day: stable demand with usual weekend uplift.,news,none
2025-01-04,LOC1,Normal day operations; routine demand expected.,news,none
2025-01-05,LOC1,No major events; demand likely follows weekly pattern.,news,none
2025-01-06,LOC1,Normal day operations; routine demand expected.,news,none
2025-01-07,LOC1,Regular day: stable demand with usual weekend uplift.,news,none
2025-01-08,LOC1,No major events; demand likely follows weekly pattern.,news,none
2025-01-09,LOC1,Normal day operations; routine demand expected.,news,none
2025-01-10,LOC1,Normal day operations; routine demand expected.,news,none
2025-01-11,LOC1,No major events; demand likely follows weekly pattern.,news,none
2025-01-12,LOC1,Regular day: stable demand with usual weekend uplift.,news,none
2025-01-13,LOC1,Regular day: stable demand with usual weekend uplift.,news,none
2025-01-14,LOC1,No major events; demand likely follows weekly pattern.,news,none
2025-01-15,LOC1,Normal day operations; routine demand expected.,news,none
2025-01-16,LOC1,Regular day: stable demand with usual weekend uplift.,news,none
2025-01-17,LOC1,No major events; demand likely follows weekly pattern.,news,none
2025-01-18,LOC1,Regular day: stable demand with usual weekend uplift.,news,none
2025-01-19,LOC1,Flash deal live: up to 21% discount on groceries today.,promo,promo
2025-01-20,LOC1,APP promo: 22% off on daily essentials. Use code SAVE89.,promo,promo
2025-01-21,LOC1,Weekend offer: extra savings on select SKUs with 19% off.,promo,promo
2025-01-22,LOC1,Weekend offer: extra savings on select SKUs with 11% off.,promo,promo
2025-01-23,LOC1,Regular day: stable demand with usual weekend uplift.,news,none
2025-01-24,LOC1,Weekend offer: extra savings on select SKUs with 19% off.,promo,promo
2025-01-25,LOC1,Heatwave warning issued; shoppers prefer quick delivery for essentials.,weather,weather_alert
2025-01-26,LOC1,Republic Day rush in Bengaluru: higher baskets and faster sell-through of perishables.,news,festival
2025-01-27,LOC1,Flash deal live: up to 12% discount on groceries today.,promo,promo
2025-01-28,LOC1,Regular day: stable demand with usual weekend uplift.,news,none
2025-01-29,LOC1,No major events; demand likely follows weekly pattern.,news,none
2025-01-30,LOC1,No major events; demand likely follows weekly pattern.,news,none
2025-01-31,LOC1,Regular day: stable demand with usual weekend uplift.,news,none
2025-02-01,LOC1,No major events; demand likely follows weekly pattern.,news,none
2025-02-02,LOC1,No major events; demand likely follows weekly pattern.,news,none
2025-02-03,LOC1,No major events; demand likely follows weekly pattern.,news,none
2025-02-04,LOC1,Heatwave warning issued; shoppers prefer quick delivery for essentials.,weather,weather_alert
2025-02-05,LOC1,Normal day operations; routine demand expected.,news,none
2025-02-06,LOC1,Storm advisory: potential delivery delays; demand shifts to staples.,weather,weather_alert
2025-02-07,LOC1,Normal day operations; routine demand expected.,news,none
2025-02-08,LOC1,Inbound delay: some fresh items may face short supply; prioritize replenishment.,ops,supply_issue
2025-02-09,LOC1,Inbound delay: some fresh items may face short supply; prioritize replenishment.,ops,supply_issue
2025-02-10,LOC1,Inbound delay: some fresh items may face short supply; prioritize replenishment.,ops,supply_issue
2025-02-11,LOC1,Ops update: supplier delay reported; limited inbound for perishables today.,ops,supply_issue
2025-02-12,LOC1,No major events; demand likely follows weekly pattern.,news,none
2025-02-13,LOC1,No major events; demand likely follows weekly pattern.,news,none
2025-02-14,LOC1,Normal day operations; routine demand expected.,news,none
2025-02-15,LOC1,No major events; demand likely follows weekly pattern.,news,none
2025-02-16,LOC1,No major events; demand likely follows weekly pattern.,news,none
2025-02-17,LOC1,Regular day: stable demand with usual weekend uplift.,news,none
2025-02-18,LOC1,Regular day: stable demand with usual weekend uplift.,news,none
2025-02-19,LOC1,No major events; demand likely follows weekly pattern.,news,none
2025-02-20,LOC1,No major events; demand likely follows weekly pattern.,news,none
2025-02-21,LOC1,No major events; demand likely follows weekly pattern.,news,none
2025-02-22,LOC1,No major events; demand likely follows weekly pattern.,news,none
2025-02-23,LOC1,Regular day: stable demand with usual weekend uplift.,news,none
2025-02-24,LOC1,APP promo: 14% off on daily essentials. Use code SAVE12.,promo,promo
2025-02-25,LOC1,Flash deal live: up to 9% discount on groceries today.,promo,promo
2025-02-26,LOC1,Maha Shivratri celebration week—expect elevated demand across dairy and fruits.,news,festival
2025-02-27,LOC1,Weather alert: heavy rain expected; customers may stock up early.,weather,weather_alert
2025-02-28,LOC1,Regular day: stable demand with usual weekend uplift.,news,none
2025-03-01,LOC1,Normal day operations; routine demand expected.,news,none
2025-03-02,LOC1,No major events; demand likely follows weekly pattern.,news,none
2025-03-03,LOC1,No major events; demand likely follows weekly pattern.,news,none
2025-03-04,LOC1,Normal day operations; routine demand expected.,news,none
2025-03-05,LOC1,Normal day operations; routine demand expected.,news,none
2025-03-06,LOC1,Regular day: stable demand with usual weekend uplift.,news,none
2025-03-07,LOC1,No major events; demand likely follows weekly pattern.,news,none
2025-03-08,LOC1,No major events; demand likely follows weekly pattern.,news,none
2025-03-09,LOC1,No major events; demand likely follows weekly pattern.,news,none
2025-03-10,LOC1,Heatwave warning issued; shoppers prefer quick delivery for essentials.,weather,weather_alert
2025-03-11,LOC1,Normal day operations; routine demand expected.,news,none
2025-03-12,LOC1,Weekend offer: extra savings on select SKUs with 16% off.,promo,promo
2025-03-13,LOC1,Holika Dahan celebration week—expect elevated demand across dairy and fruits.,news,festival
2025-03-14,LOC1,Holi demand surge expected; families stocking up on staples and fresh produce.,news,festival
2025-03-15,LOC1,Flash deal live: up to 22% discount on groceries today.,promo,promo
2025-03-16,LOC1,Flash deal live: up to 9% discount on groceries today.,promo,promo
2025-03-17,LOC1,Storm advisory: potential delivery delays; demand shifts to staples.,weather,weather_alert
2025-03-18,LOC1,Weekend offer: extra savings on select SKUs with 20% off.,promo,promo
2025-03-19,LOC1,Weekend offer: extra savings on select SKUs with 18% off.,promo,promo
2025-03-20,LOC1,Cold-chain constraint: reduced availability for a few SKUs this week.,ops,supply_issue
2025-03-21,LOC1,No major events; demand likely follows weekly pattern.,news,none
2025-03-22,LOC1,Normal day operations; routine demand expected.,news,none
2025-03-23,LOC1,No major events; demand likely follows weekly pattern.,news,none
2025-03-24,LOC1,Normal day operations; routine demand expected.,news,none
2025-03-25,LOC1,No major events; demand likely follows weekly pattern.,news,none
2025-03-26,LOC1,Normal day operations; routine demand expected.,news,none
2025-03-27,LOC1,Heatwave warning issued; shoppers prefer quick delivery for essentials.,weather,weather_alert
2025-03-28,LOC1,Regular day: stable demand with usual weekend uplift.,news,none
2025-03-29,LOC1,Cold-chain constraint: reduced availability for a few SKUs this week.,ops,supply_issue
2025-03-30,LOC1,Ops update: supplier delay reported; limited inbound for perishables today.,ops,supply_issue
2025-03-31,LOC1,Eid-ul-Fitr demand surge expected; families stocking up on staples and fresh produce.,news,festival
2025-04-01,LOC1,Storm advisory: potential delivery delays; demand shifts to staples.,weather,weather_alert
2025-04-02,LOC1,Normal day operations; routine demand expected.,news,none
2025-04-03,LOC1,Regular day: stable demand with usual weekend uplift.,news,none
2025-04-04,LOC1,Normal day operations; routine demand expected.,news,none
2025-04-05,LOC1,Flash deal live: up to 16% discount on groceries today.,promo,promo
2025-04-06,LOC1,Ram Navami rush in Bengaluru: higher baskets and faster sell-through of perishables.,news,festival
2025-04-07,LOC1,Flash deal live: up to 10% discount on groceries today.,promo,promo
2025-04-08,LOC1,No major events; demand likely follows weekly pattern.,news,none
2025-04-09,LOC1,No major events; demand likely follows weekly pattern.,news,none
2025-04-10,LOC1,Regular day: stable demand with usual weekend uplift.,news,none
2025-04-11,LOC1,Weather alert: heavy rain expected; customers may stock up early.,weather,weather_alert
2025-04-12,LOC1,Heatwave warning issued; shoppers prefer quick delivery for essentials.,weather,weather_alert
2025-04-13,LOC1,Normal day operations; routine demand expected.,news,none
2025-04-14,LOC1,No major events; demand likely follows weekly pattern.,news,none
2025-04-15,LOC1,No major events; demand likely follows weekly pattern.,news,none
2025-04-16,LOC1,No major events; demand likely follows weekly pattern.,news,none
2025-04-17,LOC1,Regular day: stable demand with usual weekend uplift.,news,none
2025-04-18,LOC1,Flash deal live: up to 12% discount on groceries today.,promo,promo
2025-04-19,LOC1,Flash deal live: up to 13% discount on groceries today.,promo,promo
2025-04-20,LOC1,Regular day: stable demand with usual weekend uplift.,news,none
2025-04-21,LOC1,APP promo: 13% off on daily essentials. Use code SAVE59.,promo,promo
2025-04-22,LOC1,APP promo: 9% off on daily essentials. Use code SAVE20.,promo,promo
2025-04-23,LOC1,Normal day operations; routine demand expected.,news,none
2025-04-24,LOC1,No major events; demand likely follows weekly pattern.,news,none
2025-04-25,LOC1,Regular day: stable demand with usual weekend uplift.,news,none
2025-04-26,LOC1,Regular day: stable demand with usual weekend uplift.,news,none
2025-04-27,LOC1,Ops update: supplier delay reported; limited inbound for perishables today.,ops,supply_issue
2025-04-28,LOC1,Normal day operations; routine demand expected.,news,none
2025-04-29,LOC1,Regular day: stable demand with usual weekend uplift.,news,none
2025-04-30,LOC1,Normal day operations; routine demand expected.,news,none
2025-05-01,LOC1,Normal day operations; routine demand expected.,news,none
2025-05-02,LOC1,Normal day operations; routine demand expected.,news,none
2025-05-03,LOC1,Normal day operations; routine demand expected.,news,none
2025-05-04,LOC1,Regular day: stable demand with usual weekend uplift.,news,none
2025-05-05,LOC1,No major events; demand likely follows weekly pattern.,news,none
2025-05-06,LOC1,Weekend offer: extra savings on select SKUs with 22% off.,promo,promo
2025-05-07,LOC1,Weekend offer: extra savings on select SKUs with 19% off.,promo,promo
2025-05-08,LOC1,Normal day operations; routine demand expected.,news,none
2025-05-09,LOC1,APP promo: 17% off on daily essentials. Use code SAVE13.,promo,promo
2025-05-10,LOC1,No major events; demand likely follows weekly pattern.,news,none
2025-05-11,LOC1,Normal day operations; routine demand expected.,news,none
2025-05-12,LOC1,Regular day: stable demand with usual weekend uplift.,news,none
2025-05-13,LOC1,Normal day operations; routine demand expected.,news,none
2025-05-14,LOC1,Regular day: stable demand with usual weekend uplift.,news,none
2025-05-15,LOC1,Regular day: stable demand with usual weekend uplift.,news,none
2025-05-16,LOC1,Regular day: stable demand with usual weekend uplift.,news,none
2025-05-17,LOC1,Normal day operations; routine demand expected.,news,none
2025-05-18,LOC1,Regular day: stable demand with usual weekend uplift.,news,none
2025-05-19,LOC1,Normal day operations; routine demand expected.,news,none
2025-05-20,LOC1,Heatwave warning issued; shoppers prefer quick delivery for essentials.,weather,weather_alert
2025-05-21,LOC1,Normal day operations; routine demand expected.,news,none
2025-05-22,LOC1,Regular day: stable demand with usual weekend uplift.,news,none
2025-05-23,LOC1,Weekend offer: extra savings on select SKUs with 15% off.,promo,promo
2025-05-24,LOC1,APP promo: 9% off on daily essentials. Use code SAVE43.,promo,promo
2025-05-25,LOC1,Regular day: stable demand with usual weekend uplift.,news,none
2025-05-26,LOC1,Ops update: supplier delay reported; limited inbound for perishables today.,ops,supply_issue
2025-05-27,LOC1,Inbound delay: some fresh items may face short supply; prioritize replenishment.,ops,supply_issue
2025-05-28,LOC1,Ops update: supplier delay reported; limited inbound for perishables today.,ops,supply_issue
2025-05-29,LOC1,Inbound delay: some fresh items may face short supply; prioritize replenishment.,ops,supply_issue
2025-05-30,LOC1,Regular day: stable demand with usual weekend uplift.,news,none
2025-05-31,LOC1,Normal day operations; routine demand expected.,news,none
2025-06-01,LOC1,Weather alert: heavy rain expected; customers may stock up early.,weather,weather_alert
2025-06-02,LOC1,Regular day: stable demand with usual weekend uplift.,news,none
2025-06-03,LOC1,Regular day: stable demand with usual weekend uplift.,news,none
2025-06-04,LOC1,No major events; demand likely follows weekly pattern.,news,none
2025-06-05,LOC1,No major events; demand likely follows weekly pattern.,news,none
2025-06-06,LOC1,No major events; demand likely follows weekly pattern.,news,none
2025-06-07,LOC1,Normal day operations; routine demand expected.,news,none
2025-06-08,LOC1,Weather alert: heavy rain expected; customers may stock up early.,weather,weather_alert
2025-06-09,LOC1,Weather alert: heavy rain expected; customers may stock up early.,weather,weather_alert
2025-06-10,LOC1,Normal day operations; routine demand expected.,news,none
2025-06-11,LOC1,Regular day: stable demand with usual weekend uplift.,news,none
2025-06-12,LOC1,Regular day: stable demand with usual weekend uplift.,news,none
2025-06-13,LOC1,Weather alert: heavy rain expected; customers may stock up early.,weather,weather_alert
2025-06-14,LOC1,Regular day: stable demand with usual weekend uplift.,news,none
2025-06-15,LOC1,Storm advisory: potential delivery delays; demand shifts to staples.,weather,weather_alert
2025-06-16,LOC1,No major events; demand likely follows weekly pattern.,news,none
2025-06-17,LOC1,Normal day operations; routine demand expected.,news,none
2025-06-18,LOC1,Regular day: stable demand with usual weekend uplift.,news,none
2025-06-19,LOC1,Storm advisory: potential delivery delays; demand shifts to staples.,weather,weather_alert
2025-06-20,LOC1,Storm advisory: potential delivery delays; demand shifts to staples.,weather,weather_alert
2025-06-21,LOC1,Weather alert: heavy rain expected; customers may stock up early.,weather,weather_alert
2025-06-22,LOC1,No major events; demand likely follows weekly pattern.,news,none
2025-06-23,LOC1,Storm advisory: potential delivery delays; demand shifts to staples.,weather,weather_alert
2025-06-24,LOC1,Weather alert: heavy rain expected; customers may stock up early.,weather,weather_alert
2025-06-25,LOC1,Heatwave warning issued; shoppers prefer quick delivery for essentials.,weather,weather_alert
2025-06-26,LOC1,Normal day operations; routine demand expected.,news,none
2025-06-27,LOC1,Regular day: stable demand with usual weekend uplift.,news,none
2025-06-28,LOC1,No major events; demand likely follows weekly pattern.,news,none
2025-06-29,LOC1,Normal day operations; routine demand expected.,news,none
2025-01-01,LOC2,Salary week: mild uplift in baskets expected; routine operations.,news,none
2025-01-02,LOC2,Regular day: stable demand with usual weekend uplift.,news,none
2025-01-03,LOC2,Normal day operations; routine demand expected.,news,none
2025-01-04,LOC2,No major events; demand likely follows weekly pattern.,news,none
2025-01-05,LOC2,Regular day: stable demand with usual weekend uplift.,news,none
2025-01-06,LOC2,Normal day operations; routine demand expected.,news,none
2025-01-07,LOC2,Regular day: stable demand with usual weekend uplift.,news,none
2025-01-08,LOC2,Normal day operations; routine demand expected.,news,none
2025-01-09,LOC2,Regular day: stable demand with usual weekend uplift.,news,none
2025-01-10,LOC2,No major events; demand likely follows weekly pattern.,news,none
2025-01-11,LOC2,Normal day operations; routine demand expected.,news,none
2025-01-12,LOC2,Regular day: stable demand with usual weekend uplift.,news,none
2025-01-13,LOC2,Normal day operations; routine demand expected.,news,none
2025-01-14,LOC2,No major events; demand likely follows weekly pattern.,news,none
2025-01-15,LOC2,Normal day operations; routine demand expected.,news,none
2025-01-16,LOC2,Regular day: stable demand with usual weekend uplift.,news,none
2025-01-17,LOC2,Weekend offer: extra savings on select SKUs with 19% off.,promo,promo
2025-01-18,LOC2,Weekend offer: extra savings on select SKUs with 8% off.,promo,promo
2025-01-19,LOC2,Flash deal live: up to 16% discount on groceries today.,promo,promo
2025-01-20,LOC2,Weekend offer: extra savings on select SKUs with 17% off.,promo,promo
2025-01-21,LOC2,APP promo: 13% off on daily essentials. Use code SAVE46.,promo,promo
2025-01-22,LOC2,Flash deal live: up to 14% discount on groceries today.,promo,promo
2025-01-23,LOC2,APP promo: 17% off on daily essentials. Use code SAVE32.,promo,promo
2025-01-24,LOC2,Weekend offer: extra savings on select SKUs with 12% off.,promo,promo
2025-01-25,LOC2,Flash deal live: up to 23% discount on groceries today.,promo,promo
2025-01-26,LOC2,Republic Day rush in Delhi: higher baskets and faster sell-through of perishables.,news,festival
2025-01-27,LOC2,APP promo: 11% off on daily essentials. Use code SAVE83.,promo,promo
2025-01-28,LOC2,Normal day operations; routine demand expected.,news,none
2025-01-29,LOC2,Regular day: stable demand with usual weekend uplift.,news,none
2025-01-30,LOC2,Normal day operations; routine demand expected.,news,none
2025-01-31,LOC2,Regular day: stable demand with usual weekend uplift.,news,none
2025-02-01,LOC2,Salary week: mild uplift in baskets expected; routine operations.,news,none
2025-02-02,LOC2,Salary week: mild uplift in baskets expected; routine operations.,news,none
2025-02-03,LOC2,Normal day operations; routine demand expected.,news,none
2025-02-04,LOC2,No major events; demand likely follows weekly pattern.,news,none
2025-02-05,LOC2,Normal day operations; routine demand expected.,news,none
2025-02-06,LOC2,No major events; demand likely follows weekly pattern.,news,none
2025-02-07,LOC2,Normal day operations; routine demand expected.,news,none
2025-02-08,LOC2,Regular day: stable demand with usual weekend uplift.,news,none
2025-02-09,LOC2,Ops update: supplier delay reported; limited inbound for perishables today.,ops,supply_issue
2025-02-10,LOC2,Regular day: stable demand with usual weekend uplift.,news,none
2025-02-11,LOC2,Normal day operations; routine demand expected.,news,none
2025-02-12,LOC2,No major events; demand likely follows weekly pattern.,news,none
2025-02-13,LOC2,No major events; demand likely follows weekly pattern.,news,none
2025-02-14,LOC2,No major events; demand likely follows weekly pattern.,news,none
2025-02-15,LOC2,Regular day: stable demand with usual weekend uplift.,news,none
2025-02-16,LOC2,Regular day: stable demand with usual weekend uplift.,news,none
2025-02-17,LOC2,No major events; demand likely follows weekly pattern.,news,none
2025-02-18,LOC2,Regular day: stable demand with usual weekend uplift.,news,none
2025-02-19,LOC2,Ops update: supplier delay reported; limited inbound for perishables today.,ops,supply_issue
2025-02-20,LOC2,Regular day: stable demand with usual weekend uplift.,news,none
2025-02-21,LOC2,Inbound delay: some fresh items may face short supply; prioritize replenishment.,ops,supply_issue
2025-02-22,LOC2,No major events; demand likely follows weekly pattern.,news,none
2025-02-23,LOC2,Normal day operations; routine demand expected.,news,none
2025-02-24,LOC2,Flash deal live: up to 12% discount on groceries today.,promo,promo
2025-02-25,LOC2,APP promo: 18% off on daily essentials. Use code SAVE35.,promo,promo
2025-02-26,LOC2,Maha Shivratri demand surge expected; families stocking up on staples and fresh produce.,news,festival
2025-02-27,LOC2,APP promo: 14% off on daily essentials. Use code SAVE89.,promo,promo
2025-02-28,LOC2,Normal day operations; routine demand expected.,news,none
2025-03-01,LOC2,Salary week: mild uplift in baskets expected; routine operations.,news,none
2025-03-02,LOC2,Salary week: mild uplift in baskets expected; routine operations.,news,none
2025-03-03,LOC2,Regular day: stable demand with usual weekend uplift.,news,none
2025-03-04,LOC2,Regular day: stable demand with usual weekend uplift.,news,none
2025-03-05,LOC2,Regular day: stable demand with usual weekend uplift.,news,none
2025-03-06,LOC2,Regular day: stable demand with usual weekend uplift.,news,none
2025-03-07,LOC2,Regular day: stable demand with usual weekend uplift.,news,none
2025-03-08,LOC2,Normal day operations; routine demand expected.,news,none
2025-03-09,LOC2,Regular day: stable demand with usual weekend uplift.,news,none
2025-03-10,LOC2,Normal day operations; routine demand expected.,news,none
2025-03-11,LOC2,Flash deal live: up to 22% discount on groceries today.,promo,promo
2025-03-12,LOC2,Weekend offer: extra savings on select SKUs with 21% off.,promo,promo
2025-03-13,LOC2,Holika Dahan rush in Delhi: higher baskets and faster sell-through of perishables.,news,festival
2025-03-14,LOC2,Holi demand surge expected; families stocking up on staples and fresh produce.,news,festival
2025-03-15,LOC2,No major events; demand likely follows weekly pattern.,news,none
2025-03-16,LOC2,Regular day: stable demand with usual weekend uplift.,news,none
2025-03-17,LOC2,No major events; demand likely follows weekly pattern.,news,none
2025-03-18,LOC2,Regular day: stable demand with usual weekend uplift.,news,none
2025-03-19,LOC2,No major events; demand likely follows weekly pattern.,news,none
2025-03-20,LOC2,Regular day: stable demand with usual weekend uplift.,news,none
2025-03-21,LOC2,No major events; demand likely follows weekly pattern.,news,none
2025-03-22,LOC2,Weather alert: heavy rain expected; customers may stock up early.,weather,weather_alert
2025-03-23,LOC2,Normal day operations; routine demand expected.,news,none
2025-03-24,LOC2,No major events; demand likely follows weekly pattern.,news,none
2025-03-25,LOC2,No major events; demand likely follows weekly pattern.,news,none
2025-03-26,LOC2,Normal day operations; routine demand expected.,news,none
2025-03-27,LOC2,No major events; demand likely follows weekly pattern.,news,none
2025-03-28,LOC2,No major events; demand likely follows weekly pattern.,news,none
2025-03-29,LOC2,Flash deal live: up to 12% discount on groceries today.,promo,promo
2025-03-30,LOC2,APP promo: 15% off on daily essentials. Use code SAVE43.,promo,promo
2025-03-31,LOC2,Eid-ul-Fitr celebration week—expect elevated demand across dairy and fruits.,news,festival
2025-04-01,LOC2,Weekend offer: extra savings on select SKUs with 22% off.,promo,promo
2025-04-02,LOC2,APP promo: 24% off on daily essentials. Use code SAVE78.,promo,promo
2025-04-03,LOC2,Flash deal live: up to 25% discount on groceries today.,promo,promo
2025-04-04,LOC2,No major events; demand likely follows weekly pattern.,news,none
2025-04-05,LOC2,Storm advisory: potential delivery delays; demand shifts to staples.,weather,weather_alert
2025-04-06,LOC2,Ram Navami rush in Delhi: higher baskets and faster sell-through of perishables.,news,festival
2025-04-07,LOC2,APP promo: 11% off on daily essentials. Use code SAVE75.,promo,promo
2025-04-08,LOC2,Normal day operations; routine demand expected.,news,none
2025-04-09,LOC2,No major events; demand likely follows weekly pattern.,news,none
2025-04-10,LOC2,Regular day: stable demand with usual weekend uplift.,news,none
2025-04-11,LOC2,No major events; demand likely follows weekly pattern.,news,none
2025-04-12,LOC2,Regular day: stable demand with usual weekend uplift.,news,none
2025-04-13,LOC2,Regular day: stable demand with usual weekend uplift.,news,none
2025-04-14,LOC2,Normal day operations; routine demand expected.,news,none
2025-04-15,LOC2,Regular day: stable demand with usual weekend uplift.,news,none
2025-04-16,LOC2,No major events; demand likely follows weekly pattern.,news,none
2025-04-17,LOC2,No major events; demand likely follows weekly pattern.,news,none
2025-04-18,LOC2,Normal day operations; routine demand expected.,news,none
2025-04-19,LOC2,No major events; demand likely follows weekly pattern.,news,none
2025-04-20,LOC2,Regular day: stable demand with usual weekend uplift.,news,none
2025-04-21,LOC2,Heatwave warning issued; shoppers prefer quick delivery for essentials.,weather,weather_alert
2025-04-22,LOC2,Regular day: stable demand with usual weekend uplift.,news,none
2025-04-23,LOC2,Regular day: stable demand with usual weekend uplift.,news,none
2025-04-24,LOC2,Normal day operations; routine demand expected.,news,none
2025-04-25,LOC2,Regular day: stable demand with usual weekend uplift.,news,none
2025-04-26,LOC2,Regular day: stable demand with usual weekend uplift.,news,none
2025-04-27,LOC2,Normal day operations; routine demand expected.,news,none
2025-04-28,LOC2,Regular day: stable demand with usual weekend uplift.,news,none
2025-04-29,LOC2,Heatwave warning issued; shoppers prefer quick delivery for essentials.,weather,weather_alert
2025-04-30,LOC2,Regular day: stable demand with usual weekend uplift.,news,none
2025-05-01,LOC2,Regular day: stable demand with usual weekend uplift.,news,none
2025-05-02,LOC2,Salary week: mild uplift in baskets expected; routine operations.,news,none
2025-05-03,LOC2,Regular day: stable demand with usual weekend uplift.,news,none
2025-05-04,LOC2,Cold-chain constraint: reduced availability for a few SKUs this week.,ops,supply_issue
2025-05-05,LOC2,No major events; demand likely follows weekly pattern.,news,none
2025-05-06,LOC2,No major events; demand likely follows weekly pattern.,news,none
2025-05-07,LOC2,Normal day operations; routine demand expected.,news,none
2025-05-08,LOC2,Weather alert: heavy rain expected; customers may stock up early.,weather,weather_alert
2025-05-09,LOC2,Normal day operations; routine demand expected.,news,none
2025-05-10,LOC2,No major events; demand likely follows weekly pattern.,news,none
2025-05-11,LOC2,No major events; demand likely follows weekly pattern.,news,none
2025-05-12,LOC2,No major events; demand likely follows weekly pattern.,news,none
2025-05-13,LOC2,Inbound delay: some fresh items may face short supply; prioritize replenishment.,ops,supply_issue
2025-05-14,LOC2,Inbound delay: some fresh items may face short supply; prioritize replenishment.,ops,supply_issue
2025-05-15,LOC2,Weather alert: heavy rain expected; customers may stock up early.,weather,weather_alert
2025-05-16,LOC2,No major events; demand likely follows weekly pattern.,news,none
2025-05-17,LOC2,Inbound delay: some fresh items may face short supply; prioritize replenishment.,ops,supply_issue
2025-05-18,LOC2,Flash deal live: up to 10% discount on groceries today.,promo,promo
2025-05-19,LOC2,Storm advisory: potential delivery delays; demand shifts to staples.,weather,weather_alert
2025-05-20,LOC2,Flash deal live: up to 21% discount on groceries today.,promo,promo
2025-05-21,LOC2,Regular day: stable demand with usual weekend uplift.,news,none
2025-05-22,LOC2,APP promo: 24% off on daily essentials. Use code SAVE66.,promo,promo
2025-05-23,LOC2,APP promo: 17% off on daily essentials. Use code SAVE37.,promo,promo
2025-05-24,LOC2,Weather alert: heavy rain expected; customers may stock up early.,weather,weather_alert
2025-05-25,LOC2,APP promo: 21% off on daily essentials. Use code SAVE44.,promo,promo
2025-05-26,LOC2,Weekend offer: extra savings on select SKUs with 21% off.,promo,promo
2025-05-27,LOC2,Flash deal live: up to 10% discount on groceries today.,promo,promo
2025-05-28,LOC2,Weekend offer: extra savings on select SKUs with 25% off.,promo,promo
2025-05-29,LOC2,Weather alert: heavy rain expected; customers may stock up early.,weather,weather_alert
2025-05-30,LOC2,Regular day: stable demand with usual weekend uplift.,news,none
2025-05-31,LOC2,Regular day: stable demand with usual weekend uplift.,news,none
2025-06-01,LOC2,Heatwave warning issued; shoppers prefer quick delivery for essentials.,weather,weather_alert
2025-06-02,LOC2,Weather alert: heavy rain expected; customers may stock up early.,weather,weather_alert
2025-06-03,LOC2,Storm advisory: potential delivery delays; demand shifts to staples.,weather,weather_alert
2025-06-04,LOC2,Normal day operations; routine demand expected.,news,none
2025-06-05,LOC2,No major events; demand likely follows weekly pattern.,news,none
2025-06-06,LOC2,Storm advisory: potential delivery delays; demand shifts to staples.,weather,weather_alert
2025-06-07,LOC2,Heatwave warning issued; shoppers prefer quick delivery for essentials.,weather,weather_alert
2025-06-08,LOC2,Normal day operations; routine demand expected.,news,none
2025-06-09,LOC2,Normal day operations; routine demand expected.,news,none
2025-06-10,LOC2,No major events; demand likely follows weekly pattern.,news,none
2025-06-11,LOC2,Normal day operations; routine demand expected.,news,none
2025-06-12,LOC2,Normal day operations; routine demand expected.,news,none
2025-06-13,LOC2,Storm advisory: potential delivery delays; demand shifts to staples.,weather,weather_alert
2025-06-14,LOC2,Normal day operations; routine demand expected.,news,none
2025-06-15,LOC2,Normal day operations; routine demand expected.,news,none
2025-06-16,LOC2,Weather alert: heavy rain expected; customers may stock up early.,weather,weather_alert
2025-06-17,LOC2,No major events; demand likely follows weekly pattern.,news,none
2025-06-18,LOC2,Storm advisory: potential delivery delays; demand shifts to staples.,weather,weather_alert
2025-06-19,LOC2,Regular day: stable demand with usual weekend uplift.,news,none
2025-06-20,LOC2,Weather alert: heavy rain expected; customers may stock up early.,weather,weather_alert
2025-06-21,LOC2,Weather alert: heavy rain expected; customers may stock up early.,weather,weather_alert
2025-06-22,LOC2,Regular day: stable demand with usual weekend uplift.,news,none
2025-06-23,LOC2,Storm advisory: potential delivery delays; demand shifts to staples.,weather,weather_alert
2025-06-24,LOC2,Normal day operations; routine demand expected.,news,none
2025-06-25,LOC2,No major events; demand likely follows weekly pattern.,news,none
2025-06-26,LOC2,Weather alert: heavy rain expected; customers may stock up early.,weather,weather_alert
2025-06-27,LOC2,Weather alert: heavy rain expected; customers may stock up early.,weather,weather_alert
2025-06-28,LOC2,Storm advisory: potential delivery delays; demand shifts to staples.,weather,weather_alert
2025-06-29,LOC2,Storm advisory: potential delivery delays; demand shifts to staples.,weather,weather_alert
